id,firstname,lastname,email
100,Ketti,Bergman,Ketti.Bergman@yopmail.com
101,Kary,Janene,Kary.Janene@yopmail.com
102,Almeta,Alexandr,Almeta.Alexandr@yopmail.com
103,Corina,Othilia,Corina.Othilia@yopmail.com
104,Blondelle,Paton,Blondelle.Paton@yopmail.com
105,Jessamyn,Loring,Jessamyn.Loring@yopmail.com
106,Bobbi,Hurley,Bobbi.Hurley@yopmail.com
107,Alameda,Raama,Alameda.Raama@yopmail.com
108,Jaime,Corabella,Jaime.Corabella@yopmail.com
109,Meriel,Hillel,Meriel.Hillel@yopmail.com
110,Katleen,Mitzi,Katleen.Mitzi@yopmail.com
111,Frank,Seligman,Frank.Seligman@yopmail.com
112,Beatriz,Telfer,Beatriz.Telfer@yopmail.com
113,Karlee,Capello,Karlee.Capello@yopmail.com
114,Janeczka,Lasley,Janeczka.Lasley@yopmail.com
115,Althea,Eldrid,Althea.Eldrid@yopmail.com
116,Gretal,Trace,Gretal.Trace@yopmail.com
117,Concettina,Ruvolo,Concettina.Ruvolo@yopmail.com
118,Ann-Marie,Rocray,Ann-Marie.Rocray@yopmail.com
119,Daune,Paton,Daune.Paton@yopmail.com